DriverID,DriverName,LicenseType,ExperienceYears
3001,Driver 1,C,12
3002,Driver 2,A,8
3003,Driver 3,B,5
3004,Driver 4,C,15
3005,Driver 5,B,16
3006,Driver 6,B,1
3007,Driver 7,C,16
3008,Driver 8,C,5
3009,Driver 9,A,3
3010,Driver 10,B,15
3011,Driver 11,C,13
3012,Driver 12,C,16
3013,Driver 13,A,11
3014,Driver 14,A,2
3015,Driver 15,C,6
3016,Driver 16,A,6
3017,Driver 17,C,14
3018,Driver 18,B,11
3019,Driver 19,A,8
3020,Driver 20,B,8
3021,Driver 21,B,1
3022,Driver 22,B,7
3023,Driver 23,C,6
3024,Driver 24,B,8
3025,Driver 25,B,19
3026,Driver 26,B,8
3027,Driver 27,C,14
3028,Driver 28,B,18
3029,Driver 29,B,16
3030,Driver 30,A,9
3031,Driver 31,C,15
3032,Driver 32,B,10
3033,Driver 33,A,16
3034,Driver 34,C,4
3035,Driver 35,C,13
3036,Driver 36,C,5
3037,Driver 37,C,7
3038,Driver 38,C,9
3039,Driver 39,C,8
3040,Driver 40,B,16
3041,Driver 41,B,6
3042,Driver 42,B,16
3043,Driver 43,B,6
3044,Driver 44,A,14
3045,Driver 45,B,1
3046,Driver 46,C,9
3047,Driver 47,B,13
3048,Driver 48,B,19
3049,Driver 49,C,17
3050,Driver 50,B,11
3051,Driver 51,B,8
3052,Driver 52,B,5
3053,Driver 53,A,10
3054,Driver 54,B,7
3055,Driver 55,C,10
3056,Driver 56,C,4
3057,Driver 57,B,9
3058,Driver 58,B,14
3059,Driver 59,B,2
3060,Driver 60,C,9
3061,Driver 61,C,1
3062,Driver 62,A,10
3063,Driver 63,A,10
3064,Driver 64,A,3
3065,Driver 65,C,6
3066,Driver 66,A,6
3067,Driver 67,B,2
3068,Driver 68,B,18
3069,Driver 69,C,2
3070,Driver 70,A,12
3071,Driver 71,B,5
3072,Driver 72,C,7
3073,Driver 73,A,16
3074,Driver 74,B,1
3075,Driver 75,A,1
3076,Driver 76,C,17
3077,Driver 77,A,1
3078,Driver 78,C,13
3079,Driver 79,A,9
3080,Driver 80,B,15
3081,Driver 81,C,3
3082,Driver 82,C,14
3083,Driver 83,C,11
3084,Driver 84,A,12
3085,Driver 85,A,13
3086,Driver 86,B,13
3087,Driver 87,C,1
3088,Driver 88,C,10
3089,Driver 89,A,3
3090,Driver 90,A,4
3091,Driver 91,B,16
3092,Driver 92,B,8
3093,Driver 93,A,16
3094,Driver 94,C,17
3095,Driver 95,B,19
3096,Driver 96,A,15
3097,Driver 97,A,16
3098,Driver 98,C,15
3099,Driver 99,A,2
3100,Driver 100,A,11
3101,Driver 101,B,1
3102,Driver 102,A,15
3103,Driver 103,A,19
3104,Driver 104,B,4
3105,Driver 105,C,11
3106,Driver 106,C,5
3107,Driver 107,B,3
3108,Driver 108,B,13
3109,Driver 109,C,10
3110,Driver 110,C,11
3111,Driver 111,C,18
3112,Driver 112,C,2
3113,Driver 113,C,7
3114,Driver 114,B,9
3115,Driver 115,A,10
3116,Driver 116,C,18
3117,Driver 117,C,7
3118,Driver 118,A,7
3119,Driver 119,A,3
3120,Driver 120,A,12
3121,Driver 121,A,7
3122,Driver 122,A,17
3123,Driver 123,A,1
3124,Driver 124,B,5
3125,Driver 125,A,16
3126,Driver 126,A,15
3127,Driver 127,B,2
3128,Driver 128,A,9
3129,Driver 129,C,7
3130,Driver 130,C,4
3131,Driver 131,A,18
3132,Driver 132,B,4
3133,Driver 133,C,13
3134,Driver 134,B,1
3135,Driver 135,C,3
3136,Driver 136,A,16
3137,Driver 137,B,4
3138,Driver 138,B,16
3139,Driver 139,B,19
3140,Driver 140,C,1
3141,Driver 141,C,5
3142,Driver 142,C,19
3143,Driver 143,A,11
3144,Driver 144,C,13
3145,Driver 145,A,5
3146,Driver 146,B,4
3147,Driver 147,B,4
3148,Driver 148,A,4
3149,Driver 149,C,4
3150,Driver 150,A,18
3151,Driver 151,B,18
3152,Driver 152,B,16
3153,Driver 153,A,9
3154,Driver 154,C,18
3155,Driver 155,C,2
3156,Driver 156,A,4
3157,Driver 157,A,12
3158,Driver 158,C,7
3159,Driver 159,B,15
3160,Driver 160,A,7
3161,Driver 161,C,17
3162,Driver 162,C,16
3163,Driver 163,B,19
3164,Driver 164,B,9
3165,Driver 165,B,14
3166,Driver 166,B,17
3167,Driver 167,B,5
3168,Driver 168,A,2
3169,Driver 169,C,16
3170,Driver 170,A,14
3171,Driver 171,A,14
3172,Driver 172,A,1
3173,Driver 173,A,3
3174,Driver 174,A,7
3175,Driver 175,B,15
3176,Driver 176,B,19
3177,Driver 177,C,2
3178,Driver 178,A,19
3179,Driver 179,C,9
3180,Driver 180,B,19
3181,Driver 181,B,5
3182,Driver 182,B,18
3183,Driver 183,A,16
3184,Driver 184,A,4
3185,Driver 185,B,12
3186,Driver 186,C,7
3187,Driver 187,C,14
3188,Driver 188,B,12
3189,Driver 189,C,3
3190,Driver 190,B,5
3191,Driver 191,C,17
3192,Driver 192,B,10
3193,Driver 193,C,10
3194,Driver 194,A,11
3195,Driver 195,B,17
3196,Driver 196,B,5
3197,Driver 197,C,13
3198,Driver 198,B,10
3199,Driver 199,B,9
3200,Driver 200,B,17
3201,Driver 201,A,1
3202,Driver 202,A,4
3203,Driver 203,C,4
3204,Driver 204,A,18
3205,Driver 205,C,9
3206,Driver 206,A,18
3207,Driver 207,C,14
3208,Driver 208,A,15
3209,Driver 209,A,6
3210,Driver 210,C,10
3211,Driver 211,B,15
3212,Driver 212,B,4
3213,Driver 213,A,18
3214,Driver 214,C,18
3215,Driver 215,B,17
3216,Driver 216,C,12
3217,Driver 217,B,7
3218,Driver 218,C,16
3219,Driver 219,A,11
3220,Driver 220,C,14
3221,Driver 221,B,3
3222,Driver 222,A,19
3223,Driver 223,C,18
3224,Driver 224,B,10
3225,Driver 225,A,6
3226,Driver 226,C,13
3227,Driver 227,B,10
3228,Driver 228,C,18
3229,Driver 229,C,16
3230,Driver 230,A,6
3231,Driver 231,A,13
3232,Driver 232,B,4
3233,Driver 233,A,14
3234,Driver 234,B,1
3235,Driver 235,C,5
3236,Driver 236,C,8
3237,Driver 237,B,12
3238,Driver 238,C,2
3239,Driver 239,A,12
3240,Driver 240,C,5
3241,Driver 241,A,5
3242,Driver 242,B,13
3243,Driver 243,B,9
3244,Driver 244,C,10
3245,Driver 245,C,1
3246,Driver 246,A,3
3247,Driver 247,A,18
3248,Driver 248,C,12
3249,Driver 249,C,3
3250,Driver 250,B,9
3251,Driver 251,B,2
3252,Driver 252,B,3
3253,Driver 253,C,14
3254,Driver 254,C,4
3255,Driver 255,C,19
3256,Driver 256,B,13
3257,Driver 257,C,7
3258,Driver 258,A,12
3259,Driver 259,C,3
3260,Driver 260,C,9
3261,Driver 261,C,2
3262,Driver 262,C,9
3263,Driver 263,C,12
3264,Driver 264,A,12
3265,Driver 265,A,15
3266,Driver 266,C,2
3267,Driver 267,B,18
3268,Driver 268,C,13
3269,Driver 269,C,14
3270,Driver 270,C,5
3271,Driver 271,B,10
3272,Driver 272,B,12
3273,Driver 273,B,10
3274,Driver 274,A,11
3275,Driver 275,B,2
3276,Driver 276,A,5
3277,Driver 277,A,7
3278,Driver 278,B,6
3279,Driver 279,B,3
3280,Driver 280,B,13
3281,Driver 281,A,3
3282,Driver 282,C,6
3283,Driver 283,B,11
3284,Driver 284,B,17
3285,Driver 285,B,10
3286,Driver 286,A,12
3287,Driver 287,A,17
3288,Driver 288,C,4
3289,Driver 289,B,2
3290,Driver 290,A,11
3291,Driver 291,C,7
3292,Driver 292,B,2
3293,Driver 293,A,18
3294,Driver 294,B,4
3295,Driver 295,B,8
3296,Driver 296,A,14
3297,Driver 297,A,12
3298,Driver 298,A,18
3299,Driver 299,B,11
3300,Driver 300,B,8
